"Task name","Related To","Assignee","Start date","Due date","Priority","Status"
"fdfc+","CRM-Expert Willium lorem ipsum dolar sit amet Lorem ipsum dolor sit amet","Admin Tech Village","2020-06-16","2020-06-17","Low","In Progress"
"testing","CRM-Expert Willium lorem ipsum dolar sit amet Lorem ipsum dolor sit amet","Admin Tech Village","2020-06-10","2020-06-29","Low","Not Started"
"Lorem2's task"," Arvid Muller","Admin Tech Village","2020-06-09","","Low","Not Started"
"lorem10"," ","Admin Tech Village","2020-06-04","","Low","Not Started"
"555Lorem ipsum dolor sit amet, consectetur adipiscing elit. Etiam et.","Pay-Money Aga Khan","Admin Tech Village","2020-06-03","","Low","In Progress"
"555Lorem ipsum dolor sit amet, consectetur adipiscing elit. Etiam et.","Pay-Money Aga Khan","Admin Tech Village","2020-06-03","","Low","Not Started"
"555Lorem ipsum dolor sit amet, consectetur adipiscing elit. Etiam et.","Pay-Money Aga Khan","Admin Tech Village","2020-06-03","","Low","Not Started"
"555Lorem ipsum dolor sit amet, consectetur adipiscing elit. Etiam et.","Pay-Money Aga Khan","Admin Tech Village","2020-06-03","","Low","Not Started"
"555Lorem ipsum dolor sit amet, consectetur adipiscing elit. Etiam et.","Pay-Money Aga Khan","Admin Tech Village","2020-06-03","","Low","Not Started"
"555Lorem ipsum dolor sit amet, consectetur adipiscing elit. Etiam et.","Pay-Money Aga Khan","Admin Tech Village","2020-06-03","","Low","Not Started"
"555Lorem ipsum dolor sit amet, consectetur adipiscing elit. Etiam et.","Pay-Money Aga Khan","Admin Tech Village","2020-06-03","","Low","Not Started"
"555Lorem ipsum dolor sit amet, consectetur adipiscing elit. Etiam et.","Pay-Money Aga Khan","Admin Tech Village","2020-06-03","","Low","Not Started"
"Check |Bug on Settings","CRM-Expert Willium lorem ipsum dolar sit amet Lorem ipsum dolor sit amet","Admin Tech Village","2020-05-28","","High","Not Started"
